{"cameraMode":{"drawMode":0,"name":"Shaded","section":"Shading Mode"},"sceneLighting":true,"audioPlay":false,"sceneViewState":{"m_AlwaysRefresh":false,"showFog":true,"showSkybox":true,"showFlares":true,"showImageEffects":true,"showParticleSystems":true,"showVisualEffectGraphs":true,"m_FxEnabled":true},"in2DMode":false,"pivot":{"x":70.40987396240235,"y":23.847854614257814,"z":51.71310043334961},"rotation":{"x":0.08730781823396683,"y":0.06569512188434601,"z":-0.005769757553935051,"w":0.9940049648284912},"size":0.6393435597419739,"orthographic":false}